{
  "config": {
    "events_per_run": 83255,
    "jitter_pct": 0.020000,
    "warmup_runs": 10,
    "benchmark_runs": 100
  },
  "stats": {
    "min_ms": 12.687542,
    "max_ms": 14.828750,
    "mean_ms": 13.349344,
    "median_ms": 13.291458,
    "stddev_ms": 0.378637,
    "p95_ms": 13.964792,
    "p99_ms": 14.527417,
    "throughput_per_sec": 6236635.953997,
    "cv_pct": 2.836373
  },
  "raw_timings_ns": [13716041,13729417,13380833,13362125,12959042,13457834,14289000,13485709,13432292,13678000,13126958,13903000,13186084,13642875,13096917,12939375,13012083,13100417,12866459,13080250,13746750,13275167,13010084,13554917,13251500,13202667,14828750,13530500,13606542,13166958,12832958,14461417,14527417,13456667,13473000,13096500,13498042,13168708,13167375,13056833,14017125,13050083,13631292,13279083,13318000,12687542,13199709,13317666,12871166,13386000,13964792,13030500,13169458,13240459,13317167,13014708,13305791,12990125,13394958,13216459,13879667,13110584,13126333,13100834,12944125,13296834,13478000,13396083,12991333,12960334,13815333,13204458,13230166,12874458,13287875,12973917,13523750,13152333,13278208,13210250,13689083,12689708,13026916,13158500,13034209,12792875,13296500,13725958,13575958,13447583,13949417,13426625,13200750,13335291,13295042,13438917,13592459,13754041,13597792,13312375]
}
